{
	"Week": {
		"MWK": -0.43296997911144347,
		"PKR": -0.3974495525692549,
		"STN": -0.25006687097447466,
		"KES": -0.19464990276039282,
		"NGN": -0.19269767027563778,
		"XAG": -0.14830197543365675,
		"ZAR": -0.1471571773767888,
		"PLN": -0.14666444444829674,
		"SZL": -0.13869839714847712,
		"LSL": -0.13561631372663122
	},
	"1 Month": {
		"PKR": -0.17714287884445679,
		"AFN": -0.15513734985284694,
		"COP": -0.12742876126861896,
		"MUR": -0.10327393099672098,
		"ALL": -0.08335609147247361,
		"SCR": -0.04466257958383026,
		"KHR": -0.039359481459434506,
		"CAD": -0.0284034161161364,
		"CRC": -0.026186776710828294,
		"NZD": -0.024021090460434286
	},
	"3 Months": {
		"AFN": -0.09631572041961511,
		"COP": -0.062084955164506225,
		"MUR": -0.032658503751276775,
		"HTG": -0.030849111151615462,
		"STD": -0.027032718192850004,
		"XAG": -0.02345380396643222,
		"MNT": -0.022372617259590596,
		"CRC": -0.01546415406767621,
		"GYD": -0.014808173754376791,
		"AMD": -0.010416129204415689
	},
	"6 Months": {
		"COP": -0.08294235561197319,
		"HTG": -0.07734635251658989,
		"IQD": -0.047193414888905535,
		"AFN": -0.038281225657706204,
		"MXN": -0.02757990030795139,
		"ALL": -0.023235812375241846,
		"BRL": -0.016114628846980047,
		"MUR": -0.014451152035970583,
		"STD": -0.013420864914442167,
		"UYU": -0.01070915500742508
	},
	"1 Year": {
		"XAG": -0.05023073768483876,
		"ALL": -0.04959713889284006,
		"MXN": -0.045386489555957414,
		"BTC": -0.04457111310627263,
		"CRC": -0.04449072022390447,
		"HUF": -0.03806988298467244,
		"GIP": -0.03540838992894297,
		"FKP": -0.03529615217993939,
		"GGP": -0.035195141694694274,
		"SHP": -0.03512029361504283
	}
}