{
	"Week": {
		"XAU": 2.483667210731371,
		"BTC": 0.9252673726357963,
		"GMD": 0.7664857410277985,
		"CLF": 0.3404667657961047,
		"HUF": 0.30530427423934675,
		"BRL": 0.2309806040168468,
		"GEL": 0.2268762887833712,
		"IMP": 0.21267634633855836,
		"ZMW": 0.2122535913686959,
		"SHP": 0.21167548424839513
	},
	"1 Month": {
		"XAU": 3.478668184628803,
		"XPD": 2.515226608938046,
		"XPT": 2.344859267616786,
		"CLF": 0.263668890645944,
		"GMD": 0.20680382606683664,
		"ZMW": 0.19801158559981677,
		"CLP": 0.18696838395506737,
		"VES": 0.17909953206816936,
		"PLN": 0.15319527775470912,
		"HUF": 0.1188228776032315
	},
	"3 Months": {
		"XAU": 3.652606453229113,
		"XPT": 3.0496785086802523,
		"XPD": 2.3986872700323154,
		"ARS": 0.374122703633349,
		"VES": 0.2277255754497046,
		"ZMW": 0.2168052386891617,
		"SLL": 0.20982879070182922,
		"BTC": 0.1834982937793669,
		"RUB": 0.13240201113579914,
		"CLF": 0.12751448682799288
	},
	"6 Months": {
		"XAU": 3.3953509197266594,
		"XPT": 2.909940788568865,
		"XPD": 2.784670595225542,
		"NGN": 0.33220557980964927,
		"ARS": 0.30082436056232725,
		"AOA": 0.2783462856694065,
		"BIF": 0.2001986014885045,
		"TRY": 0.1989139294947673,
		"VES": 0.18954417264480264,
		"RUB": 0.1279132991717855
	},
	"1 Year": {
		"XPD": 5.201730171463018,
		"XAU": 3.5353745032746215,
		"XPT": 3.104302553482723,
		"LBP": 2.499393703401592,
		"VES": 0.40283627471462974,
		"ARS": 0.24650132403263453,
		"AOA": 0.18173451524124945,
		"NGN": 0.180394899456665,
		"RUB": 0.14562532522107663,
		"EGP": 0.1293303201574338
	}
}